Workbook

Sheet Sheet1
B2: Good Network | H2: Medium Network | N2: Poor Network
F3: Final Result | H3: latency = 200ms, packet loss rate = 1% | L3: Final Result | N3: latency = 500ms, packet loss rate = 5%
B4: Total Local | C4: =(C10+C23+C36)/3 -> 21.174 | D4: =(D10+D23+D36)/3 -> 22.624333 | E4: =(E10+E23+E36)/3 -> 23.823667 | F4: =AVERAGE(C4:E4) -> 22.540667 | I4: =(I10+I23+I36)/3 -> 19.042667 | J4: =(J10+J23+J36)/3 -> 20.298667 | K4: =(K10+K23+K36)/3 -> 18.598333 | L4: =AVERAGE(I4:K4) -> 19.313222 | O4: =(O10+O23+O36)/3 -> 6.569 | P4: =(P10+P23+P36)/3 -> 6.23 | Q4: =(Q10+Q23+Q36)/3 -> 5.774 | R4: =AVERAGE(O4:Q4) -> 6.191
B5: Total API | C5: =(C11+C24+C37)/3 -> 29.601667 | D5: =(D11+D24+D37)/3 -> 27.920333 | E5: =(E11+E24+E37)/3 -> 31.007333 | F5: =AVERAGE(C5:E5) -> 29.509778 | I5: =(I11+I24+I37)/3 -> 67.430667 | J5: =(J11+J24+J37)/3 -> 57.856667 | K5: =(K11+K24+K37)/3 -> 67.832667 | L5: =AVERAGE(I5:K5) -> 64.373333 | O5: =(O11+O24+O37)/3 -> 27.726333 | P5: =(P11+P24+P37)/3 -> 21.956 | Q5: =(Q11+Q24+Q37)/3 -> 22.669333 | R5: =AVERAGE(O5:Q5) -> 24.117222
B6: Total Action | C6: =(C12+C25+C38)/3 -> 0.93966667 | D6: =(D12+D25+D38)/3 -> 1.349 | E6: =(E12+E25+E38)/3 -> 1.3016667 | F6: =AVERAGE(C6:E6) -> 1.1967778 | I6: =(I12+I25+I38)/3 -> 0.72233333 | J6: =(J12+J25+J38)/3 -> 0.941 | K6: =(K12+K25+K38)/3 -> 0.804 | L6: =AVERAGE(I6:K6) -> 0.82244444 | O6: =(O12+O25+O38)/3 -> 0.21633333 | P6: =(P12+P25+P38)/3 -> 0.19333333 | Q6: =(Q12+Q25+Q38)/3 -> 0.22933333 | R6: =AVERAGE(O6:Q6) -> 0.213
B7: Total Time | C7: =(C13+C26+C39)/3 -> 51.715333 | D7: =(D13+D26+D39)/3 -> 51.893667 | E7: =(E13+E26+E39)/3 -> 56.132667 | F7: =AVERAGE(C7:E7) -> 53.247222 | H7: =(H13+H26+H39)/3 -> 0 | I7: =(I13+I26+I39)/3 -> 87.195667 | J7: =(J13+J26+J39)/3 -> 79.096333 | K7: =(K13+K26+K39)/3 -> 87.235 | L7: =AVERAGE(I7:K7) -> 84.509 | N7: =(N13+N26+N39)/3 -> 0 | O7: =(O13+O26+O39)/3 -> 34.511667 | P7: =(P13+P26+P39)/3 -> 28.379333 | Q7: =(Q13+Q26+Q39)/3 -> 28.672667 | R7: =AVERAGE(O7:Q7) -> 30.521222
B9: Youtube | C9: subscribe to MrBeast | D9: subscribe to Tesla channel | E9: subscribe to Andrej Karpathy | H9: Youtube | I9: subscribe to MrBeast | J9: subscribe to Tesla channel | K9: subscribe to Andrej Karpathy | N9: Youtube | O9: subscribe to MrBeast | P9: subscribe to Tesla channel | Q9: subscribe to Andrej Karpathy
B10: Total Local | C10: 15.611 | D10: 18.994 | E10: 18.207 | F10: =AVERAGE(C10:E10) -> 17.604 | H10: Total Local | I10: 19.707 | J10: 18.69 | K10: 17.322 | L10: =AVERAGE(I10:K10) -> 18.573 | N10: Total Local | O10: 19.707 | P10: 18.69 | Q10: 17.322
B11: Total API | C11: 21.224 | D11: 24.785 | E11: 25.952 | F11: =AVERAGE(C11:E11) -> 23.987 | H11: Total API | I11: 83.179 | J11: 65.868 | K11: 68.008 | L11: =AVERAGE(I11:K11) -> 72.351667 | N11: Total API | O11: 83.179 | P11: 65.868 | Q11: 68.008
B12: Total Action | C12: 0.449 | D12: 0.718 | E12: 0.733 | F12: =AVERAGE(C12:E12) -> 0.63333333 | H12: Total Action | I12: 0.649 | J12: 0.58 | K12: 0.688 | L12: =AVERAGE(I12:K12) -> 0.639 | N12: Total Action | O12: 0.649 | P12: 0.58 | Q12: 0.688
C13: =SUM(C10:C12) -> 37.284 | D13: =SUM(D10:D12) -> 44.497 | E13: =SUM(E10:E12) -> 44.892 | F13: =AVERAGE(C13:E13) -> 42.224333 | I13: =SUM(I10:I12) -> 103.535 | J13: =SUM(J10:J12) -> 85.138 | K13: =SUM(K10:K12) -> 86.018 | L13: =AVERAGE(I13:K13) -> 91.563667 | O13: =SUM(O10:O12) -> 103.535 | P13: =SUM(P10:P12) -> 85.138 | Q13: =SUM(Q10:Q12) -> 86.018
B22: Gmail | C22: send an email to zwu178@ucr.edu about set a clock | D22: send an email to zwu178@ucr.edu about asking publication | E22: send an email to wish zhifeng happy birthday | H22: Gmail | I22: send an email to zwu178@ucr.edu about set a clock | J22: send an email to zwu178@ucr.edu about asking publication | K22: send an email to wish zwu178@ucr.edu happy birthday
B23: Total Local | C23: 27.537 | D23: 30.881 | E23: =AVERAGE(C23:D23) -> 29.209 | F23: =AVERAGE(C23:E23) -> 29.209 | H23: Total Local | I23: 20.362 | J23: 24.355 | K23: 24.399 | L23: =AVERAGE(I23:K23) -> 23.038667
B24: Total API | C24: 31.357 | D24: 34.152 | E24: 31.755 | F24: =AVERAGE(C24:E24) -> 32.421333 | H24: Total API | I24: 44.487 | J24: 52.531 | K24: 75.099 | L24: =AVERAGE(I24:K24) -> 57.372333
B25: Total Action | C25: 1.799 | D25: 2.793 | E25: =AVERAGE(C25:D25) -> 2.296 | F25: =AVERAGE(C25:E25) -> 2.296 | H25: Total Action | I25: 0.88 | J25: 1.692 | K25: 1.303 | L25: =AVERAGE(I25:K25) -> 1.2916667
C26: =SUM(C23:C25) -> 60.693 | D26: =SUM(D23:D25) -> 67.826 | E26: =SUM(E23:E25) -> 63.26 | F26: =AVERAGE(C26:E26) -> 63.926333 | I26: =SUM(I23:I25) -> 65.729 | J26: =SUM(J23:J25) -> 78.578 | K26: =SUM(K23:K25) -> 100.801 | L26: =AVERAGE(I26:K26) -> 81.702667
B35: Google Map | C35: navigate to nearby Costco | D35: navigate to UC, Riverside | E35: navigate to walmart | H35: Google Map | I35: navigate to nearby Costco | J35: navigate to UC, Riverside | K35: navigate to walmart
B36: Total Local | C36: 20.374 | D36: 17.998 | E36: 24.055 | F36: =AVERAGE(C36:E36) -> 20.809 | H36: Total Local | I36: 17.059 | J36: 17.851 | K36: 14.074 | L36: =AVERAGE(I36:K36) -> 16.328
B37: Total API | C37: 36.224 | D37: 24.824 | E37: 35.315 | F37: =AVERAGE(C37:E37) -> 32.121 | H37: Total API | I37: 74.626 | J37: 55.171 | K37: 60.391 | L37: =AVERAGE(I37:K37) -> 63.396
B38: Total Action | C38: 0.571 | D38: 0.536 | E38: 0.876 | F38: =AVERAGE(C38:E38) -> 0.661 | H38: Total Action | I38: 0.638 | J38: 0.551 | K38: 0.421 | L38: =AVERAGE(I38:K38) -> 0.53666667
C39: =SUM(C36:C38) -> 57.169 | D39: =SUM(D36:D38) -> 43.358 | E39: =SUM(E36:E38) -> 60.246 | F39: =AVERAGE(C39:E39) -> 53.591 | I39: =SUM(I36:I38) -> 92.323 | J39: =SUM(J36:J38) -> 73.573 | K39: =SUM(K36:K38) -> 74.886 | L39: =AVERAGE(I39:K39) -> 80.260667

Sheet Final Result
B2: Good Network | H2: Medium Network | N2: Poor Network
C4: Youtube | D4: Gmail | E4: Google Map | F4: Average | I4: Youtube | J4: Gmail | K4: Google Map | L4: Average | N4: Total Local | O4: N/A
B5: Total Local | C5: =Sheet1!F10 -> 17.604 | D5: =Sheet1!F23 -> 29.209 | E5: =Sheet1!F36 -> 20.809 | F5: =AVERAGE(C5:E5) -> 22.540667 | H5: Total Local | I5: =Sheet1!L10 -> 18.573 | J5: =Sheet1!L23 -> 23.038667 | K5: =Sheet1!L36 -> 16.328 | L5: =AVERAGE(I5:K5) -> 19.313222 | N5: Total API | O5: N/A
B6: Total API | C6: =Sheet1!F11 -> 23.987 | D6: =Sheet1!F24 -> 32.421333 | E6: =Sheet1!F37 -> 32.121 | F6: =AVERAGE(C6:E6) -> 29.509778 | H6: Total API | I6: =Sheet1!L11 -> 72.351667 | J6: =Sheet1!L24 -> 57.372333 | K6: =Sheet1!L37 -> 63.396 | L6: =AVERAGE(I6:K6) -> 64.373333 | N6: Total Action | O6: N/A
B7: Total Action | C7: =Sheet1!F12 -> 0.63333333 | D7: =Sheet1!F25 -> 2.296 | E7: =Sheet1!F38 -> 0.661 | F7: =AVERAGE(C7:E7) -> 1.1967778 | H7: Total Action | I7: =Sheet1!L12 -> 0.639 | J7: =Sheet1!L25 -> 1.2916667 | K7: =Sheet1!L38 -> 0.53666667 | L7: =AVERAGE(I7:K7) -> 0.82244444 | N7: Total Time | O7: N/A
B8: Total Time | C8: =Sheet1!F13 -> 42.224333 | D8: =Sheet1!F26 -> 63.926333 | E8: =Sheet1!F39 -> 53.591 | F8: =AVERAGE(C8:E8) -> 53.247222 | H8: Total Time | I8: =Sheet1!L13 -> 91.563667 | J8: =Sheet1!L26 -> 81.702667 | K8: =Sheet1!L39 -> 80.260667 | L8: =AVERAGE(I8:K8) -> 84.509
